Προιον με συντομη περιγραφη προιοντος με λαθος μηκος,2025-05-03
Προιον με περιγραφη χωρις το μεγεθος του μοντελου που το φοραει,2025-05-03
Προιον με συντομη περιγραφη μεγαλυτερη απο την κανονικη περιγραφη,2025-04-18
Προιον χωρις ετικετα plus size,2025-04-18
Προιον με περιγραφη προιοντος με λαθος μηκος,2025-05-03
'Το μοντελο φοραει' σε λαθος περιγραφη,2025-05-03
Προιον χωρις βιντεο,2025-05-03
Παλια out of stock προιοντα,2025-05-03
Προιον χωρις οδηγο μεγεθους,2025-05-04
Λειπει το 'brand' απο το προιον,2025-04-26
Διπλές εικόνες σε προϊόν,2025-05-03
Λαθος Τιμές στις Παραλλαγές,2025-05-03
Λαθος αρχικη τιμη για προιον,2025-05-03
Λαθος SKU για προιον,2025-05-03
Private προϊόν σε στοκ,2025-05-07
